AbPC,KernelExplainer,0.19186992943286896
Complexity,KernelExplainer,0.5192590138839176
Composite,KernelExplainer,0.051184257423379495
Sensitivity,KernelExplainer,1.2758622593743882
